from_port,to_port,distance_nm
AEFJR,CNDAL,5970
PKKHI,CNSHA,5230
AEJEA,AEKLF,233
AEJEA,BDCGP,3238
AEJEA,BEANR,6340
AEJEA,BRSSZ,9351
AEJEA,CNAQG,6036
AEJEA,CNCGU,5730
AEJEA,CNCOZ,5092
AEJEA,CNDAL,6147
AEJEA,CNDGG,4972
AEJEA,CNFAN,4852
AEJEA,CNGCT,5010
AEJEA,CNGGZ,4970
AEJEA,CNHMN,4967
AEJEA,CNJMN,5003
AEJEA,CNLYG,5953
AEJEA,CNNAS,4956
AEJEA,CNNGB,5572
AEJEA,CNSHA,5725
AEJEA,CNSHK,4947
AEJEA,CNSWA,5146
AEJEA,CNSWE,5013
AEJEA,CNTAC,5723
AEJEA,CNTAO,5995
AEJEA,CNZJG,5770
AEJEA,DZALG,4540
AEJEA,EGSOK,2925
AEJEA,HKHKG,4975
AEJEA,INMUN,919
AEJEA,INNSA,1284
AEJEA,KRPUS,6010
AEJEA,LKCMB,1948
AEJEA,LYMSR,3960
AEJEA,MYPKG,3328
AEJEA,SGSIN,3496
AEJEA,THBKK,4384
AEJEA,THLCH,4327
AEJEA,THSCS,4384
AEJEA,THSSW,4384
AEJEA,TWKEL,5366
AEJEA,TWKHH,5153
AEJEA,TWTPE,5339
AEJEA,TWTXG,5259
AEJEA,VNSGN,4169
AEKLF,AEJEA,233
AEKLF,BDCGP,3053
AEKLF,BEANR,6148
AEKLF,BRSSZ,8505
AEKLF,CNAQG,5851
AEKLF,CNCGU,5545
AEKLF,CNCOZ,4907
AEKLF,CNDAL,5962
AEKLF,CNDGG,4787
AEKLF,CNFAN,4667
AEKLF,CNGCT,4907
AEKLF,CNGGZ,4785
AEKLF,CNHMN,4782
AEKLF,CNJMN,4817
AEKLF,CNLYG,5768
AEKLF,CNNAS,4771
AEKLF,CNNGB,5386
AEKLF,CNSHA,5540
AEKLF,CNSHK,4762
AEKLF,CNSWA,4879
AEKLF,CNSWE,4828
AEKLF,CNTAC,5538
AEKLF,CNTAO,5810
AEKLF,CNZJG,5585
AEKLF,DJJIB,1561
AEKLF,DZALG,4349
AEKLF,EGALY,2992
AEKLF,EGSOK,2734
AEKLF,EGSUE,2747
AEKLF,HKHKG,4766
AEKLF,INMUN,808
AEKLF,INNSA,1049
AEKLF,KRPUS,5825
AEKLF,LKCMB,1763
AEKLF,LYMSR,3769
AEKLF,MYPKG,3143
AEKLF,SAJED,2136
AEKLF,SDPZU,2102
AEKLF,SGSIN,3311
AEKLF,THBKK,4215
AEKLF,THLCH,4142
AEKLF,THSCS,4198
AEKLF,THSSW,3838
AEKLF,TRIST,3623
AEKLF,TRIZT,3755
AEKLF,TWKEL,5128
AEKLF,TWKHH,4936
AEKLF,TWTPE,5128
AEKLF,TWTXG,5036
AEKLF,VNSGN,3976
AEKLF,YEADE,2190
BDCGP,AEJEA,3238
BDCGP,AEKLF,3053
BDCGP,BEANR,8954
BDCGP,BRSSZ,8989
BDCGP,CNAQG,4041
BDCGP,CNCGU,3735
BDCGP,CNCOZ,3098
BDCGP,CNDAL,4152
BDCGP,CNDGG,2977
BDCGP,CNFAN,2858
BDCGP,CNGGZ,2975
BDCGP,CNHMN,2972
BDCGP,CNJMN,3008
BDCGP,CNLYG,3958
BDCGP,CNNAS,2962
BDCGP,CNNGB,3577
BDCGP,CNSHA,3730
BDCGP,CNSHK,2952
BDCGP,CNSWE,3019
BDCGP,CNTAC,3728
BDCGP,CNTAO,4000
BDCGP,CNZJG,3775
BDCGP,DZALG,6319
BDCGP,EGSOK,4705
BDCGP,INMUN,2542
BDCGP,INNSA,2194
BDCGP,KRPUS,4016
BDCGP,LKCMB,1319
BDCGP,LYMSR,5739
BDCGP,MYPKG,1333
BDCGP,SGSIN,1501
BDCGP,THLCH,2332
BEANR,AEJEA,6340
BEANR,AEKLF,6148
BEANR,BDCGP,8954
BEANR,BRSSZ,5575
BEANR,CNAQG,10933
BEANR,CNCGU,10627
BEANR,CNCOZ,9990
BEANR,CNDAL,11044
BEANR,CNDGG,9869
BEANR,CNFAN,9750
BEANR,CNGGZ,9867
BEANR,CNHMN,9864
BEANR,CNJMN,9900
BEANR,CNLYG,10850
BEANR,CNNAS,9853
BEANR,CNNGB,10469
BEANR,CNSHA,10622
BEANR,CNSHK,9844
BEANR,CNSWE,9911
BEANR,CNTAC,10620
BEANR,CNTAO,10892
BEANR,CNZJG,10667
BEANR,DZALG,1849
BEANR,EGSOK,3474
BEANR,INMUN,6341
BEANR,INNSA,6475
BEANR,KRPUS,10908
BEANR,LKCMB,6876
BEANR,LYMSR,2610
BEANR,MYPKG,8225
BEANR,SGSIN,8393
BEANR,THLCH,9224
BRSSZ,AEJEA,9351
BRSSZ,AEKLF,8505
BRSSZ,BDCGP,8989
BRSSZ,BEANR,5575
BRSSZ,CNAQG,11451
BRSSZ,CNCGU,11145
BRSSZ,CNCOZ,10525
BRSSZ,CNDAL,11539
BRSSZ,CNDGG,10413
BRSSZ,CNFAN,10299
BRSSZ,CNGGZ,10411
BRSSZ,CNHMN,10408
BRSSZ,CNJMN,10449
BRSSZ,CNLYG,11377
BRSSZ,CNNAS,10397
BRSSZ,CNNGB,11000
BRSSZ,CNSHA,11140
BRSSZ,CNSHK,10386
BRSSZ,CNSWE,10459
BRSSZ,CNTAC,11137
BRSSZ,CNTAO,11436
BRSSZ,CNZJG,11185
BRSSZ,DZALG,4861
BRSSZ,EGSOK,6486
BRSSZ,INMUN,8117
BRSSZ,INNSA,8060
BRSSZ,KRPUS,11404
BRSSZ,LKCMB,7783
BRSSZ,LYMSR,5621
BRSSZ,MYPKG,8848
BRSSZ,SGSIN,9016
BRSSZ,THLCH,9822
CNAQG,AEJEA,6036
CNAQG,AEKLF,5851
CNAQG,BDCGP,4041
CNAQG,BEANR,10933
CNAQG,BRSSZ,11451
CNAQG,CNCGU,315
CNAQG,CNCOZ,963
CNAQG,CNDAL,844
CNAQG,CNDGG,1194
CNAQG,CNFAN,1538
CNAQG,CNGGZ,1191
CNAQG,CNHMN,1193
CNAQG,CNJMN,1210
CNAQG,CNLYG,650
CNAQG,CNNAS,1180
CNAQG,CNNGB,447
CNAQG,CNSHA,360
CNAQG,CNSHK,1164
CNAQG,CNSWE,1042
CNAQG,CNTAC,316
CNAQG,CNTAO,688
CNAQG,CNZJG,330
CNAQG,DZALG,9116
CNAQG,EGSOK,7502
CNAQG,INMUN,5339
CNAQG,INNSA,4991
CNAQG,KRPUS,819
CNAQG,LKCMB,4116
CNAQG,LYMSR,8536
CNAQG,MYPKG,2709
CNAQG,SGSIN,2494
CNAQG,THLCH,2524
CNCGU,AEJEA,5730
CNCGU,AEKLF,5545
CNCGU,BDCGP,3735
CNCGU,BEANR,10627
CNCGU,BRSSZ,11145
CNCGU,CNAQG,315
CNCGU,CNCOZ,666
CNCGU,CNDAL,528
CNCGU,CNDGG,897
CNCGU,CNFAN,1241
CNCGU,CNGGZ,893
CNCGU,CNHMN,896
CNCGU,CNJMN,913
CNCGU,CNLYG,357
CNCGU,CNNAS,883
CNCGU,CNNGB,150
CNCGU,CNSHA,57
CNCGU,CNSHK,867
CNCGU,CNSWE,745
CNCGU,CNTAC,17
CNCGU,CNTAO,372
CNCGU,CNZJG,41
CNCGU,DZALG,8819
CNCGU,EGSOK,7205
CNCGU,INMUN,5042
CNCGU,INNSA,4694
CNCGU,KRPUS,487
CNCGU,LKCMB,3818
CNCGU,LYMSR,8239
CNCGU,MYPKG,2412
CNCGU,SGSIN,2196
CNCGU,THLCH,2227
CNCOZ,AEJEA,5092
CNCOZ,AEKLF,4907
CNCOZ,BDCGP,3098
CNCOZ,BEANR,9990
CNCOZ,BRSSZ,10525
CNCOZ,CNAQG,963
CNCOZ,CNCGU,666
CNCOZ,CNDAL,1080
CNCOZ,CNDGG,237
CNCOZ,CNFAN,581
CNCOZ,CNGGZ,234
CNCOZ,CNHMN,237
CNCOZ,CNJMN,257
CNCOZ,CNLYG,902
CNCOZ,CNNAS,223
CNCOZ,CNNGB,529
CNCOZ,CNSHA,663
CNCOZ,CNSHK,207
CNCOZ,CNSWE,131
CNCOZ,CNTAC,661
CNCOZ,CNTAO,955
CNCOZ,CNZJG,709
CNCOZ,DZALG,8190
CNCOZ,EGSOK,6575
CNCOZ,INMUN,4413
CNCOZ,INNSA,4064
CNCOZ,KRPUS,971
CNCOZ,LKCMB,3189
CNCOZ,LYMSR,7610
CNCOZ,MYPKG,1782
CNCOZ,SGSIN,1567
CNCOZ,THLCH,1602
CNDAL,AEJEA,6147
CNDAL,AEKLF,5962
CNDAL,BDCGP,4152
CNDAL,BEANR,11044
CNDAL,BRSSZ,11539
CNDAL,CNAQG,844
CNDAL,CNCGU,528
CNDAL,CNCOZ,1080
CNDAL,CNDGG,1312
CNDAL,CNFAN,1656
CNDAL,CNGGZ,1308
CNDAL,CNHMN,1311
CNDAL,CNJMN,1326
CNDAL,CNLYG,349
CNDAL,CNNAS,1297
CNDAL,CNNGB,579
CNDAL,CNSHA,560
CNDAL,CNSHK,1269
CNDAL,CNSWE,1160
CNDAL,CNTAC,532
CNDAL,CNTAO,274
CNDAL,CNZJG,564
CNDAL,DZALG,9231
CNDAL,EGSOK,7614
CNDAL,INMUN,5454
CNDAL,INNSA,5106
CNDAL,KRPUS,562
CNDAL,LKCMB,4231
CNDAL,LYMSR,8651
CNDAL,MYPKG,2824
CNDAL,SGSIN,2609
CNDAL,THLCH,2642
CNDGG,AEJEA,4972
CNDGG,AEKLF,4787
CNDGG,BDCGP,2977
CNDGG,BEANR,9869
CNDGG,BRSSZ,10413
CNDGG,CNAQG,1194
CNDGG,CNCGU,897
CNDGG,CNCOZ,237
CNDGG,CNDAL,1312
CNDGG,CNFAN,431
CNDGG,CNGGZ,12
CNDGG,CNHMN,18
CNDGG,CNJMN,76
CNDGG,CNLYG,1131
CNDGG,CNNAS,16
CNDGG,CNNGB,767
CNDGG,CNSHA,893
CNDGG,CNSHK,39
CNDGG,CNSWE,115
CNDGG,CNTAC,891
CNDGG,CNTAO,1190
CNDGG,CNZJG,939
CNDGG,DZALG,8087
CNDGG,EGSOK,6472
CNDGG,INMUN,4310
CNDGG,INNSA,3961
CNDGG,KRPUS,1206
CNDGG,LKCMB,3086
CNDGG,LYMSR,7507
CNDGG,MYPKG,1680
CNDGG,SGSIN,1464
CNDGG,THLCH,1472
CNFAN,AEJEA,4852
CNFAN,AEKLF,4667
CNFAN,BDCGP,2858
CNFAN,BEANR,9750
CNFAN,BRSSZ,10299
CNFAN,CNAQG,1538
CNFAN,CNCGU,1241
CNFAN,CNCOZ,581
CNFAN,CNDAL,1656
CNFAN,CNDGG,431
CNFAN,CNGGZ,426
CNFAN,CNHMN,423
CNFAN,CNJMN,367
CNFAN,CNLYG,1469
CNFAN,CNNAS,412
CNFAN,CNNGB,1098
CNFAN,CNSHA,1231
CNFAN,CNSHK,404
CNFAN,CNSWE,481
CNFAN,CNTAC,1229
CNFAN,CNTAO,1524
CNFAN,CNZJG,1276
CNFAN,DZALG,7952
CNFAN,EGSOK,6337
CNFAN,INMUN,4175
CNFAN,INNSA,3827
CNFAN,KRPUS,1540
CNFAN,LKCMB,2951
CNFAN,LYMSR,7372
CNFAN,MYPKG,1545
CNFAN,SGSIN,1328
CNFAN,THLCH,1357
CNGCT,AEKLF,4907
CNGCT,CNNAS,14
CNGCT,CNNGB,747
CNGCT,CNSHA,858
CNGCT,CNSHK,72
CNGCT,CNSWA,213
CNGCT,CNTAO,1161
CNGCT,DZALG,6048
CNGCT,LYMSR,5594
CNGGZ,AEJEA,4970
CNGGZ,AEKLF,4785
CNGGZ,BDCGP,2975
CNGGZ,BEANR,9867
CNGGZ,BRSSZ,10411
CNGGZ,CNAQG,1191
CNGGZ,CNCGU,893
CNGGZ,CNCOZ,234
CNGGZ,CNDAL,1308
CNGGZ,CNDGG,12
CNGGZ,CNFAN,426
CNGGZ,CNHMN,27
CNGGZ,CNJMN,76
CNGGZ,CNLYG,1125
CNGGZ,CNNAS,34
CNGGZ,CNNGB,760
CNGGZ,CNSHA,887
CNGGZ,CNSHK,45
CNGGZ,CNSWE,108
CNGGZ,CNTAC,885
CNGGZ,CNTAO,1184
CNGGZ,CNZJG,932
CNGGZ,DZALG,8081
CNGGZ,EGSOK,6466
CNGGZ,INMUN,4304
CNGGZ,INNSA,3955
CNGGZ,KRPUS,1200
CNGGZ,LKCMB,3080
CNGGZ,LYMSR,7500
CNGGZ,MYPKG,1673
CNGGZ,SGSIN,1457
CNGGZ,THLCH,1466
CNHMN,AEJEA,4967
CNHMN,AEKLF,4782
CNHMN,BDCGP,2972
CNHMN,BEANR,9864
CNHMN,BRSSZ,10408
CNHMN,CNAQG,1193
CNHMN,CNCGU,896
CNHMN,CNCOZ,237
CNHMN,CNDAL,1311
CNHMN,CNDGG,18
CNHMN,CNFAN,423
CNHMN,CNGCT,6
CNHMN,CNGGZ,27
CNHMN,CNJMN,81
CNHMN,CNLYG,1134
CNHMN,CNNAS,15
CNHMN,CNNGB,764
CNHMN,CNSHA,896
CNHMN,CNSHK,30
CNHMN,CNSWA,217
CNHMN,CNSWE,112
CNHMN,CNTAC,894
CNHMN,CNTAO,1193
CNHMN,CNZJG,941
CNHMN,DZALG,8078
CNHMN,EGSOK,6464
CNHMN,INMUN,4301
CNHMN,INNSA,3953
CNHMN,KRPUS,1209
CNHMN,LKCMB,3077
CNHMN,LYMSR,7498
CNHMN,MYPKG,1671
CNHMN,SGSIN,1455
CNHMN,THLCH,1463
CNJMN,AEJEA,5003
CNJMN,AEKLF,4817
CNJMN,BDCGP,3008
CNJMN,BEANR,9900
CNJMN,BRSSZ,10449
CNJMN,CNAQG,1210
CNJMN,CNCGU,913
CNJMN,CNCOZ,257
CNJMN,CNDAL,1326
CNJMN,CNDGG,76
CNJMN,CNFAN,367
CNJMN,CNGGZ,76
CNJMN,CNHMN,81
CNJMN,CNLYG,1147
CNJMN,CNNAS,78
CNJMN,CNNGB,789
CNJMN,CNSHA,909
CNJMN,CNSHK,74
CNJMN,CNSWE,140
CNJMN,CNTAC,907
CNJMN,CNTAO,1206
CNJMN,CNZJG,954
CNJMN,DZALG,8036
CNJMN,EGSOK,6422
CNJMN,INMUN,4259
CNJMN,INNSA,3911
CNJMN,KRPUS,1222
CNJMN,LKCMB,3035
CNJMN,LYMSR,7456
CNJMN,MYPKG,1629
CNJMN,SGSIN,1436
CNJMN,THLCH,1430
CNLYG,AEJEA,5953
CNLYG,AEKLF,5768
CNLYG,BDCGP,3958
CNLYG,BEANR,10850
CNLYG,BRSSZ,11377
CNLYG,CNAQG,650
CNLYG,CNCGU,357
CNLYG,CNCOZ,902
CNLYG,CNDAL,349
CNLYG,CNDGG,1131
CNLYG,CNFAN,1469
CNLYG,CNGGZ,1125
CNLYG,CNHMN,1134
CNLYG,CNJMN,1147
CNLYG,CNNAS,1114
CNLYG,CNNGB,388
CNLYG,CNSHA,352
CNLYG,CNSHK,1086
CNLYG,CNSWE,986
CNLYG,CNTAC,347
CNLYG,CNTAO,110
CNLYG,CNZJG,386
CNLYG,DZALG,9048
CNLYG,EGSOK,7433
CNLYG,INMUN,5271
CNLYG,INNSA,4922
CNLYG,KRPUS,517
CNLYG,LKCMB,4047
CNLYG,LYMSR,8468
CNLYG,MYPKG,2640
CNLYG,SGSIN,2425
CNLYG,THLCH,2461
CNNAS,AEJEA,4956
CNNAS,AEKLF,4771
CNNAS,BDCGP,2962
CNNAS,BEANR,9853
CNNAS,BRSSZ,10397
CNNAS,CNAQG,1180
CNNAS,CNCGU,883
CNNAS,CNCOZ,223
CNNAS,CNDAL,1297
CNNAS,CNDGG,16
CNNAS,CNFAN,412
CNNAS,CNGGZ,34
CNNAS,CNHMN,15
CNNAS,CNJMN,78
CNNAS,CNLYG,1114
CNNAS,CNNGB,754
CNNAS,CNSHA,875
CNNAS,CNSHK,19
CNNAS,CNSWA,206
CNNAS,CNSWE,101
CNNAS,CNTAC,872
CNNAS,CNTAO,1172
CNNAS,CNZJG,920
CNNAS,DZALG,8066
CNNAS,EGSOK,6452
CNNAS,INMUN,4289
CNNAS,INNSA,3941
CNNAS,KRPUS,1187
CNNAS,LKCMB,3065
CNNAS,LYMSR,7486
CNNAS,MYPKG,1659
CNNAS,SGSIN,1443
CNNAS,THLCH,1451
CNNGB,AEJEA,5572
CNNGB,AEKLF,5386
CNNGB,BDCGP,3577
CNNGB,BEANR,10469
CNNGB,BRSSZ,11000
CNNGB,CNAQG,447
CNNGB,CNCGU,150
CNNGB,CNCOZ,529
CNNGB,CNDAL,579
CNNGB,CNDGG,767
CNNGB,CNFAN,1098
CNNGB,CNGGZ,760
CNNGB,CNHMN,764
CNNGB,CNJMN,789
CNNGB,CNLYG,388
CNNGB,CNNAS,754
CNNGB,CNSHA,147
CNNGB,CNSHK,708
CNNGB,CNSWE,601
CNNGB,CNTAC,145
CNNGB,CNTAO,462
CNNGB,CNZJG,192
CNNGB,DZALG,8669
CNNGB,EGSOK,7055
CNNGB,INMUN,4892
CNNGB,INNSA,4544
CNNGB,KRPUS,507
CNNGB,LKCMB,3669
CNNGB,LYMSR,8089
CNNGB,MYPKG,2262
CNNGB,SGSIN,2047
CNNGB,THLCH,2081
CNSHA,AEJEA,5725
CNSHA,AEKLF,5540
CNSHA,BDCGP,3730
CNSHA,BEANR,10622
CNSHA,BRSSZ,11140
CNSHA,CNAQG,360
CNSHA,CNCGU,57
CNSHA,CNCOZ,663
CNSHA,CNDAL,560
CNSHA,CNDGG,893
CNSHA,CNFAN,1231
CNSHA,CNGGZ,887
CNSHA,CNHMN,896
CNSHA,CNJMN,909
CNSHA,CNLYG,352
CNSHA,CNNAS,875
CNSHA,CNNGB,147
CNSHA,CNSHK,859
CNSHA,CNSWE,737
CNSHA,CNTAC,44
CNSHA,CNTAO,387
CNSHA,CNZJG,88
CNSHA,DZALG,8811
CNSHA,EGSOK,7197
CNSHA,INMUN,5034
CNSHA,INNSA,4686
CNSHA,KRPUS,504
CNSHA,LKCMB,3810
CNSHA,LYMSR,8231
CNSHA,MYPKG,2404
CNSHA,SGSIN,2188
CNSHA,THLCH,2219
CNSHK,AEJEA,4947
CNSHK,AEKLF,4762
CNSHK,BDCGP,2952
CNSHK,BEANR,9844
CNSHK,BRSSZ,10386
CNSHK,CNAQG,1164
CNSHK,CNCGU,867
CNSHK,CNCOZ,207
CNSHK,CNDAL,1269
CNSHK,CNDGG,39
CNSHK,CNFAN,404
CNSHK,CNGGZ,45
CNSHK,CNHMN,30
CNSHK,CNJMN,74
CNSHK,CNLYG,1086
CNSHK,CNNAS,19
CNSHK,CNNGB,708
CNSHK,CNSHA,859
CNSHK,CNSWA,187
CNSHK,CNSWE,82
CNSHK,CNTAC,853
CNSHK,CNTAO,1154
CNSHK,CNZJG,901
CNSHK,DZALG,8062
CNSHK,EGSOK,6447
CNSHK,INMUN,4285
CNSHK,INNSA,3936
CNSHK,KRPUS,1168
CNSHK,LKCMB,3061
CNSHK,LYMSR,7482
CNSHK,MYPKG,1655
CNSHK,SGSIN,1439
CNSHK,THLCH,1457
CNSWA,AEKLF,4879
CNSWA,CNNGB,542
CNSWA,CNSHA,650
CNSWA,CNTAO,956
CNSWA,DZALG,6173
CNSWA,LYMSR,5758
CNSWE,AEJEA,5013
CNSWE,AEKLF,4828
CNSWE,BDCGP,3019
CNSWE,BEANR,9911
CNSWE,BRSSZ,10459
CNSWE,CNAQG,1042
CNSWE,CNCGU,745
CNSWE,CNCOZ,131
CNSWE,CNDAL,1160
CNSWE,CNDGG,115
CNSWE,CNFAN,481
CNSWE,CNGGZ,108
CNSWE,CNHMN,112
CNSWE,CNJMN,140
CNSWE,CNLYG,986
CNSWE,CNNAS,101
CNSWE,CNNGB,601
CNSWE,CNSHA,737
CNSWE,CNSHK,82
CNSWE,CNTAC,755
CNSWE,CNTAO,1054
CNSWE,CNZJG,802
CNSWE,DZALG,8101
CNSWE,EGSOK,6486
CNSWE,INMUN,4324
CNSWE,INNSA,3975
CNSWE,KRPUS,1070
CNSWE,LKCMB,3100
CNSWE,LYMSR,7521
CNSWE,MYPKG,1694
CNSWE,SGSIN,1478
CNSWE,THLCH,1517
CNTAC,AEJEA,5723
CNTAC,AEKLF,5538
CNTAC,BDCGP,3728
CNTAC,BEANR,10620
CNTAC,BRSSZ,11137
CNTAC,CNAQG,316
CNTAC,CNCGU,17
CNTAC,CNCOZ,661
CNTAC,CNDAL,532
CNTAC,CNDGG,891
CNTAC,CNFAN,1229
CNTAC,CNGGZ,885
CNTAC,CNHMN,894
CNTAC,CNJMN,907
CNTAC,CNLYG,347
CNTAC,CNNAS,872
CNTAC,CNNGB,145
CNTAC,CNSHA,44
CNTAC,CNSHK,853
CNTAC,CNSWE,755
CNTAC,CNTAO,374
CNTAC,CNZJG,56
CNTAC,DZALG,8808
CNTAC,EGSOK,7193
CNTAC,INMUN,5031
CNTAC,INNSA,4682
CNTAC,KRPUS,489
CNTAC,LKCMB,3807
CNTAC,LYMSR,8228
CNTAC,MYPKG,2400
CNTAC,SGSIN,2185
CNTAC,THLCH,2216
CNTAO,AEJEA,5995
CNTAO,AEKLF,5810
CNTAO,BDCGP,4000
CNTAO,BEANR,10892
CNTAO,BRSSZ,11436
CNTAO,CNAQG,688
CNTAO,CNCGU,372
CNTAO,CNCOZ,955
CNTAO,CNDAL,274
CNTAO,CNDGG,1190
CNTAO,CNFAN,1524
CNTAO,CNGGZ,1184
CNTAO,CNHMN,1193
CNTAO,CNJMN,1206
CNTAO,CNLYG,110
CNTAO,CNNAS,1172
CNTAO,CNNGB,462
CNTAO,CNSHA,387
CNTAO,CNSHK,1154
CNTAO,CNSWE,1054
CNTAO,CNTAC,374
CNTAO,CNZJG,382
CNTAO,DZALG,9084
CNTAO,EGSOK,7469
CNTAO,INMUN,5307
CNTAO,INNSA,4958
CNTAO,KRPUS,517
CNTAO,LKCMB,4083
CNTAO,LYMSR,8503
CNTAO,MYPKG,2676
CNTAO,SGSIN,2461
CNTAO,THLCH,2497
CNZJG,AEJEA,5770
CNZJG,AEKLF,5585
CNZJG,BDCGP,3775
CNZJG,BEANR,10667
CNZJG,BRSSZ,11185
CNZJG,CNAQG,330
CNZJG,CNCGU,41
CNZJG,CNCOZ,709
CNZJG,CNDAL,564
CNZJG,CNDGG,939
CNZJG,CNFAN,1276
CNZJG,CNGGZ,932
CNZJG,CNHMN,941
CNZJG,CNJMN,954
CNZJG,CNLYG,386
CNZJG,CNNAS,920
CNZJG,CNNGB,192
CNZJG,CNSHA,88
CNZJG,CNSHK,901
CNZJG,CNSWE,802
CNZJG,CNTAC,56
CNZJG,CNTAO,382
CNZJG,DZALG,8853
CNZJG,EGSOK,7239
CNZJG,INMUN,5076
CNZJG,INNSA,4728
CNZJG,KRPUS,515
CNZJG,LKCMB,3852
CNZJG,LYMSR,8273
CNZJG,MYPKG,2446
CNZJG,SGSIN,2230
CNZJG,THLCH,2261
DJJIB,AEJEA,1800
DJJIB,AEKLF,1561
DJJIB,CNGCT,5248
DJJIB,CNHMN,5245
DJJIB,CNNAS,5233
DJJIB,CNNGB,5837
DJJIB,CNSHA,5951
DJJIB,CNSHK,5229
DJJIB,CNSWA,5383
DJJIB,CNTAO,6251
DJJIB,DZALG,2900
DJJIB,HKHKG,5212
DJJIB,INMUN,1685
DJJIB,INNSA,1801
DJJIB,LYMSR,2286
DJJIB,MYPKG,3596
DJJIB,SGSIN,3777
DJJIB,THBKK,4621
DJJIB,THLCH,4629
DJJIB,THSCS,4621
DJJIB,THSSW,4621
DJJIB,TWKEL,5604
DJJIB,TWKHH,5391
DJJIB,TWTPE,5576
DJJIB,TWTXG,5496
DJJIB,VNSGN,4406
DJJIB,YEADE,138
DZALG,AEJEA,4540
DZALG,AEKLF,4349
DZALG,BDCGP,6319
DZALG,BEANR,1849
DZALG,BRSSZ,4861
DZALG,CNAQG,9116
DZALG,CNCGU,8819
DZALG,CNCOZ,8190
DZALG,CNDAL,9231
DZALG,CNDGG,8087
DZALG,CNFAN,7952
DZALG,CNGCT,6048
DZALG,CNGGZ,8081
DZALG,CNHMN,8078
DZALG,CNJMN,8036
DZALG,CNLYG,9048
DZALG,CNNAS,8066
DZALG,CNNGB,8669
DZALG,CNSHA,8811
DZALG,CNSHK,8062
DZALG,CNSWA,6173
DZALG,CNSWE,8101
DZALG,CNTAC,8808
DZALG,CNTAO,9084
DZALG,CNZJG,8853
DZALG,DJJIB,2900
DZALG,EGALY,1714
DZALG,EGSOK,1635
DZALG,EGSUE,1755
DZALG,HKHKG,6095
DZALG,INMUN,4502
DZALG,INNSA,4637
DZALG,KRPUS,9069
DZALG,LKCMB,5038
DZALG,LYMSR,767
DZALG,MYPKG,6387
DZALG,SAJED,2668
DZALG,SDPZU,2271
DZALG,SGSIN,6555
DZALG,THBKK,5789
DZALG,THLCH,7386
DZALG,THSCS,5798
DZALG,THSSW,5799
DZALG,TRIST,1419
DZALG,TRIZT,1457
DZALG,TWKEL,6300
DZALG,TWKHH,6356
DZALG,TWTPE,6296
DZALG,TWTXG,6290
DZALG,VNSGN,6223
DZALG,YEADE,2938
EGALY,AEJEA,3177
EGALY,AEKLF,2992
EGALY,CNGCT,6724
EGALY,CNHMN,6721
EGALY,CNNAS,6709
EGALY,CNNGB,7313
EGALY,CNSHA,7427
EGALY,CNSHK,6705
EGALY,CNSWA,6859
EGALY,CNTAO,7727
EGALY,DJJIB,1557
EGALY,DZALG,1714
EGALY,EGSOK,284
EGALY,EGSUE,170
EGALY,HKHKG,6688
EGALY,INMUN,3138
EGALY,INNSA,3243
EGALY,LYMSR,1015
EGALY,MYPKG,5072
EGALY,SAJED,257
EGALY,SDPZU,958
EGALY,SGSIN,5253
EGALY,THBKK,6097
EGALY,THLCH,6105
EGALY,THSCS,6097
EGALY,THSSW,6097
EGALY,TWKEL,7080
EGALY,TWKHH,6867
EGALY,TWTPE,7052
EGALY,TWTXG,6972
EGALY,VNSGN,5882
EGALY,YEADE,1572
EGSOK,AEJEA,2925
EGSOK,AEKLF,2734
EGSOK,BDCGP,4705
EGSOK,BEANR,3474
EGSOK,BRSSZ,6486
EGSOK,CNAQG,7502
EGSOK,CNCGU,7205
EGSOK,CNCOZ,6575
EGSOK,CNDAL,7614
EGSOK,CNDGG,6472
EGSOK,CNFAN,6337
EGSOK,CNGCT,6466
EGSOK,CNGGZ,6466
EGSOK,CNHMN,6464
EGSOK,CNJMN,6422
EGSOK,CNLYG,7433
EGSOK,CNNAS,6452
EGSOK,CNNGB,7055
EGSOK,CNSHA,7197
EGSOK,CNSHK,6447
EGSOK,CNSWA,6602
EGSOK,CNSWE,6486
EGSOK,CNTAC,7193
EGSOK,CNTAO,7469
EGSOK,CNZJG,7239
EGSOK,DJJIB,1299
EGSOK,DZALG,1635
EGSOK,HKHKG,6430
EGSOK,INMUN,2881
EGSOK,INNSA,3016
EGSOK,KRPUS,7448
EGSOK,LKCMB,3417
EGSOK,LYMSR,1060
EGSOK,MYPKG,4766
EGSOK,SAJED,621
EGSOK,SDPZU,697
EGSOK,SGSIN,4934
EGSOK,THBKK,5840
EGSOK,THLCH,5764
EGSOK,THSCS,5840
EGSOK,THSSW,5840
EGSOK,TWKEL,6822
EGSOK,TWKHH,6609
EGSOK,TWTPE,6795
EGSOK,TWTXG,6715
EGSOK,VNSGN,5624
EGSOK,YEADE,1314
EGSUE,AEJEA,2932
EGSUE,AEKLF,2747
EGSUE,CNGCT,6479
EGSUE,CNHMN,6477
EGSUE,CNNAS,6465
EGSUE,CNNGB,7068
EGSUE,CNSHA,7182
EGSUE,CNSHK,6460
EGSUE,CNSWA,6615
EGSUE,CNTAO,7482
EGSUE,DJJIB,1312
EGSUE,DZALG,1755
EGSUE,EGSOK,29
EGSUE,HKHKG,6443
EGSUE,INMUN,2892
EGSUE,INNSA,2998
EGSUE,LYMSR,1041
EGSUE,MYPKG,4827
EGSUE,SAJED,630
EGSUE,SDPZU,700
EGSUE,SGSIN,5008
EGSUE,THBKK,5853
EGSUE,THLCH,5860
EGSUE,THSCS,5853
EGSUE,THSSW,5853
EGSUE,TWKEL,6835
EGSUE,TWKHH,6622
EGSUE,TWTPE,6808
EGSUE,TWTXG,6728
EGSUE,VNSGN,5638
EGSUE,YEADE,1327
HKHKG,AEKLF,4766
HKHKG,CNGCT,36
HKHKG,CNHMN,50
HKHKG,CNNAS,29
HKHKG,CNNGB,697
HKHKG,CNSHA,805
HKHKG,CNSHK,10
HKHKG,CNSWA,195
HKHKG,CNTAO,1118
HKHKG,DZALG,6095
HKHKG,LYMSR,5641
INMUN,AEJEA,919
INMUN,AEKLF,808
INMUN,BDCGP,2542
INMUN,BEANR,6341
INMUN,BRSSZ,8117
INMUN,CNAQG,5339
INMUN,CNCGU,5042
INMUN,CNCOZ,4413
INMUN,CNDAL,5454
INMUN,CNDGG,4310
INMUN,CNFAN,4175
INMUN,CNGCT,4304
INMUN,CNGGZ,4304
INMUN,CNHMN,4301
INMUN,CNJMN,4259
INMUN,CNLYG,5271
INMUN,CNNAS,4289
INMUN,CNNGB,4892
INMUN,CNSHA,5034
INMUN,CNSHK,4285
INMUN,CNSWA,4439
INMUN,CNSWE,4324
INMUN,CNTAC,5031
INMUN,CNTAO,5307
INMUN,CNZJG,5076
INMUN,DZALG,4502
INMUN,EGSOK,2881
INMUN,HKHKG,4268
INMUN,INNSA,454
INMUN,KRPUS,5316
INMUN,LKCMB,1257
INMUN,LYMSR,3914
INMUN,MYPKG,2634
INMUN,SGSIN,2802
INMUN,THBKK,3677
INMUN,THLCH,3633
INMUN,THSCS,3677
INMUN,THSSW,3677
INMUN,TWKEL,4659
INMUN,TWKHH,4446
INMUN,TWTPE,4632
INMUN,TWTXG,4552
INMUN,VNSGN,3462
INNSA,AEJEA,1284
INNSA,AEKLF,1049
INNSA,BDCGP,2194
INNSA,BEANR,6475
INNSA,BRSSZ,8060
INNSA,CNAQG,4991
INNSA,CNCGU,4694
INNSA,CNCOZ,4064
INNSA,CNDAL,5106
INNSA,CNDGG,3961
INNSA,CNFAN,3827
INNSA,CNGCT,3955
INNSA,CNGGZ,3955
INNSA,CNHMN,3953
INNSA,CNJMN,3911
INNSA,CNLYG,4922
INNSA,CNNAS,3941
INNSA,CNNGB,4544
INNSA,CNSHA,4686
INNSA,CNSHK,3936
INNSA,CNSWA,4091
INNSA,CNSWE,3975
INNSA,CNTAC,4682
INNSA,CNTAO,4958
INNSA,CNZJG,4728
INNSA,DZALG,4637
INNSA,EGSOK,3016
INNSA,HKHKG,3919
INNSA,INMUN,454
INNSA,KRPUS,4976
INNSA,LKCMB,910
INNSA,LYMSR,4020
INNSA,MYPKG,2294
INNSA,SGSIN,2462
INNSA,THBKK,3329
INNSA,THLCH,3293
INNSA,THSCS,3329
INNSA,THSSW,3329
INNSA,TWKEL,4311
INNSA,TWKHH,4098
INNSA,TWTPE,4284
INNSA,TWTXG,4204
INNSA,VNSGN,3114
KRPUS,AEJEA,6010
KRPUS,AEKLF,5825
KRPUS,BDCGP,4016
KRPUS,BEANR,10908
KRPUS,BRSSZ,11404
KRPUS,CNAQG,819
KRPUS,CNCGU,487
KRPUS,CNCOZ,971
KRPUS,CNDAL,562
KRPUS,CNDGG,1206
KRPUS,CNFAN,1540
KRPUS,CNGGZ,1200
KRPUS,CNHMN,1209
KRPUS,CNJMN,1222
KRPUS,CNLYG,517
KRPUS,CNNAS,1187
KRPUS,CNNGB,507
KRPUS,CNSHA,504
KRPUS,CNSHK,1168
KRPUS,CNSWE,1070
KRPUS,CNTAC,489
KRPUS,CNTAO,517
KRPUS,CNZJG,515
KRPUS,DZALG,9069
KRPUS,EGSOK,7448
KRPUS,INMUN,5316
KRPUS,INNSA,4976
KRPUS,LKCMB,4101
KRPUS,LYMSR,8522
KRPUS,MYPKG,2695
KRPUS,SGSIN,2479
KRPUS,THLCH,2517
LKCMB,AEJEA,1948
LKCMB,AEKLF,1763
LKCMB,BDCGP,1319
LKCMB,BEANR,6876
LKCMB,BRSSZ,7783
LKCMB,CNAQG,4116
LKCMB,CNCGU,3818
LKCMB,CNCOZ,3189
LKCMB,CNDAL,4231
LKCMB,CNDGG,3086
LKCMB,CNFAN,2951
LKCMB,CNGGZ,3080
LKCMB,CNHMN,3077
LKCMB,CNJMN,3035
LKCMB,CNLYG,4047
LKCMB,CNNAS,3065
LKCMB,CNNGB,3669
LKCMB,CNSHA,3810
LKCMB,CNSHK,3061
LKCMB,CNSWE,3100
LKCMB,CNTAC,3807
LKCMB,CNTAO,4083
LKCMB,CNZJG,3852
LKCMB,DZALG,5038
LKCMB,EGSOK,3417
LKCMB,INMUN,1257
LKCMB,INNSA,910
LKCMB,KRPUS,4101
LKCMB,LYMSR,4471
LKCMB,MYPKG,1417
LKCMB,SGSIN,1584
LKCMB,THLCH,2415
LYMSR,AEJEA,3960
LYMSR,AEKLF,3769
LYMSR,BDCGP,5739
LYMSR,BEANR,2610
LYMSR,BRSSZ,5621
LYMSR,CNAQG,8536
LYMSR,CNCGU,8239
LYMSR,CNCOZ,7610
LYMSR,CNDAL,8651
LYMSR,CNDGG,7507
LYMSR,CNFAN,7372
LYMSR,CNGCT,5594
LYMSR,CNGGZ,7500
LYMSR,CNHMN,7498
LYMSR,CNJMN,7456
LYMSR,CNLYG,8468
LYMSR,CNNAS,7486
LYMSR,CNNGB,8089
LYMSR,CNSHA,8231
LYMSR,CNSHK,7482
LYMSR,CNSWA,5758
LYMSR,CNSWE,7521
LYMSR,CNTAC,8228
LYMSR,CNTAO,8503
LYMSR,CNZJG,8273
LYMSR,DJJIB,2286
LYMSR,DZALG,767
LYMSR,EGALY,1015
LYMSR,EGSOK,1060
LYMSR,EGSUE,1041
LYMSR,HKHKG,5641
LYMSR,INMUN,3914
LYMSR,INNSA,4020
LYMSR,KRPUS,8522
LYMSR,LKCMB,4471
LYMSR,MYPKG,5759
LYMSR,SAJED,2041
LYMSR,SDPZU,1626
LYMSR,SGSIN,5927
LYMSR,THBKK,5210
LYMSR,THLCH,6757
LYMSR,THSCS,5219
LYMSR,THSSW,5220
LYMSR,TRIST,971
LYMSR,TRIZT,995
LYMSR,TWKEL,5912
LYMSR,TWKHH,5939
LYMSR,TWTPE,5907
LYMSR,TWTXG,5888
LYMSR,VNSGN,5652
LYMSR,YEADE,2222
MYPKG,AEJEA,3328
MYPKG,AEKLF,3143
MYPKG,BDCGP,1333
MYPKG,BEANR,8225
MYPKG,BRSSZ,8848
MYPKG,CNAQG,2709
MYPKG,CNCGU,2412
MYPKG,CNCOZ,1782
MYPKG,CNDAL,2824
MYPKG,CNDGG,1680
MYPKG,CNFAN,1545
MYPKG,CNGCT,1673
MYPKG,CNGGZ,1673
MYPKG,CNHMN,1671
MYPKG,CNJMN,1629
MYPKG,CNLYG,2640
MYPKG,CNNAS,1659
MYPKG,CNNGB,2262
MYPKG,CNSHA,2404
MYPKG,CNSHK,1655
MYPKG,CNSWA,1809
MYPKG,CNSWE,1694
MYPKG,CNTAC,2400
MYPKG,CNTAO,2676
MYPKG,CNZJG,2446
MYPKG,DZALG,6387
MYPKG,EGSOK,4766
MYPKG,HKHKG,1638
MYPKG,INMUN,2634
MYPKG,INNSA,2294
MYPKG,KRPUS,2695
MYPKG,LKCMB,1417
MYPKG,LYMSR,5759
MYPKG,SGSIN,205
MYPKG,THBKK,1047
MYPKG,THLCH,1028
MYPKG,THSCS,1047
MYPKG,THSSW,1047
MYPKG,TWKEL,2029
MYPKG,TWKHH,116
MYPKG,TWTPE,2002
MYPKG,TWTXG,1922
MYPKG,VNSGN,832
SAJED,AEJEA,2320
SAJED,AEKLF,2136
SAJED,CNGCT,5868
SAJED,CNHMN,5865
SAJED,CNNAS,5853
SAJED,CNNGB,6457
SAJED,CNSHA,6571
SAJED,CNSHK,5849
SAJED,CNSWA,6003
SAJED,CNTAO,6871
SAJED,DJJIB,701
SAJED,DZALG,2668
SAJED,HKHKG,5832
SAJED,INMUN,2281
SAJED,INNSA,2387
SAJED,LYMSR,2041
SAJED,MYPKG,4216
SAJED,SGSIN,4397
SAJED,THBKK,5242
SAJED,THLCH,5249
SAJED,THSCS,5242
SAJED,THSSW,5242
SAJED,TWKEL,6224
SAJED,TWKHH,6011
SAJED,TWTPE,6197
SAJED,TWTXG,6116
SAJED,VNSGN,5026
SAJED,YEADE,716
SDPZU,AEJEA,2286
SDPZU,AEKLF,2102
SDPZU,CNGCT,5834
SDPZU,CNHMN,5831
SDPZU,CNNAS,5819
SDPZU,CNNGB,6422
SDPZU,CNSHA,6537
SDPZU,CNSHK,5815
SDPZU,CNSWA,5969
SDPZU,CNTAO,6837
SDPZU,DJJIB,667
SDPZU,DZALG,2271
SDPZU,HKHKG,5798
SDPZU,INMUN,2247
SDPZU,INNSA,2353
SDPZU,LYMSR,1626
SDPZU,MYPKG,4182
SDPZU,SAJED,158
SDPZU,SGSIN,4363
SDPZU,THBKK,5207
SDPZU,THLCH,5214
SDPZU,THSCS,5207
SDPZU,THSSW,5207
SDPZU,TWKEL,6189
SDPZU,TWKHH,5976
SDPZU,TWTPE,6162
SDPZU,TWTXG,6082
SDPZU,VNSGN,4992
SDPZU,YEADE,682
SGSIN,AEJEA,3496
SGSIN,AEKLF,3311
SGSIN,BDCGP,1501
SGSIN,BEANR,8393
SGSIN,BRSSZ,9016
SGSIN,CNAQG,2494
SGSIN,CNCGU,2196
SGSIN,CNCOZ,1567
SGSIN,CNDAL,2609
SGSIN,CNDGG,1464
SGSIN,CNFAN,1328
SGSIN,CNGCT,1457
SGSIN,CNGGZ,1457
SGSIN,CNHMN,1455
SGSIN,CNJMN,1436
SGSIN,CNLYG,2425
SGSIN,CNNAS,1443
SGSIN,CNNGB,2047
SGSIN,CNSHA,2188
SGSIN,CNSHK,1439
SGSIN,CNSWA,1593
SGSIN,CNSWE,1478
SGSIN,CNTAC,2185
SGSIN,CNTAO,2461
SGSIN,CNZJG,2230
SGSIN,DZALG,6555
SGSIN,EGSOK,4934
SGSIN,HKHKG,1422
SGSIN,INMUN,2802
SGSIN,INNSA,2462
SGSIN,KRPUS,2479
SGSIN,LKCMB,1584
SGSIN,LYMSR,5927
SGSIN,MYPKG,205
SGSIN,THBKK,854
SGSIN,THLCH,823
SGSIN,THSCS,854
SGSIN,THSSW,854
SGSIN,TWKEL,1814
SGSIN,TWKHH,1600
SGSIN,TWTPE,1786
SGSIN,TWTXG,1706
SGSIN,VNSGN,639
THBKK,AEKLF,4215
THBKK,CNGCT,1495
THBKK,CNHMN,1492
THBKK,CNNAS,1480
THBKK,CNNGB,2111
THBKK,CNSHA,2221
THBKK,CNSHK,1486
THBKK,CNSWA,1632
THBKK,CNTAO,2527
THBKK,DZALG,5789
THBKK,HKHKG,1470
THBKK,LYMSR,5210
THBKK,THLCH,43
THBKK,TWKEL,1876
THBKK,TWKHH,1677
THBKK,TWTPE,1846
THBKK,TWTXG,1769
THBKK,VNSGN,652
THLCH,AEJEA,4327
THLCH,AEKLF,4142
THLCH,BDCGP,2332
THLCH,BEANR,9224
THLCH,BRSSZ,9822
THLCH,CNAQG,2524
THLCH,CNCGU,2227
THLCH,CNCOZ,1602
THLCH,CNDAL,2642
THLCH,CNDGG,1472
THLCH,CNFAN,1357
THLCH,CNGCT,1466
THLCH,CNGGZ,1466
THLCH,CNHMN,1463
THLCH,CNJMN,1430
THLCH,CNLYG,2461
THLCH,CNNAS,1451
THLCH,CNNGB,2081
THLCH,CNSHA,2219
THLCH,CNSHK,1457
THLCH,CNSWA,1603
THLCH,CNSWE,1517
THLCH,CNTAC,2216
THLCH,CNTAO,2497
THLCH,CNZJG,2261
THLCH,DZALG,7386
THLCH,EGSOK,5764
THLCH,HKHKG,1441
THLCH,INMUN,3633
THLCH,INNSA,3293
THLCH,KRPUS,2517
THLCH,LKCMB,2415
THLCH,LYMSR,6757
THLCH,MYPKG,1028
THLCH,SGSIN,823
THLCH,TWKEL,1846
THLCH,TWKHH,1647
THLCH,TWTPE,1816
THLCH,TWTXG,1739
THLCH,VNSGN,622
THSCS,AEKLF,4198
THSCS,CNGCT,1495
THSCS,CNHMN,1492
THSCS,CNNAS,1480
THSCS,CNNGB,2111
THSCS,CNSHA,2221
THSCS,CNSHK,1486
THSCS,CNSWA,1632
THSCS,CNTAO,2527
THSCS,DZALG,5798
THSCS,HKHKG,1470
THSCS,LYMSR,5219
THSCS,THBKK,10
THSCS,THLCH,43
THSCS,TWKEL,1876
THSCS,TWKHH,1677
THSCS,TWTPE,1846
THSCS,TWTXG,1769
THSCS,VNSGN,652
THSSW,AEKLF,3838
THSSW,CNGCT,1495
THSSW,CNHMN,1492
THSSW,CNNAS,1480
THSSW,CNNGB,2111
THSSW,CNSHA,2221
THSSW,CNSHK,1486
THSSW,CNSWA,1632
THSSW,CNTAO,2527
THSSW,DZALG,5799
THSSW,HKHKG,1470
THSSW,LYMSR,5220
THSSW,THBKK,8
THSSW,THLCH,43
THSSW,THSCS,10
THSSW,TWKEL,1876
THSSW,TWKHH,1677
THSSW,TWTPE,1846
THSSW,TWTXG,1769
THSSW,VNSGN,652
TRIST,AEJEA,3808
TRIST,AEKLF,3623
TRIST,CNGCT,7354
TRIST,CNHMN,7352
TRIST,CNNAS,7297
TRIST,CNNGB,7943
TRIST,CNSHA,8057
TRIST,CNSHK,7336
TRIST,CNSWA,7490
TRIST,CNTAO,8357
TRIST,DJJIB,2188
TRIST,DZALG,1419
TRIST,EGALY,743
TRIST,EGSOK,914
TRIST,EGSUE,888
TRIST,HKHKG,7319
TRIST,INMUN,3768
TRIST,INNSA,3874
TRIST,LYMSR,971
TRIST,MYPKG,5702
TRIST,SAJED,1517
TRIST,SDPZU,1588
TRIST,SGSIN,5884
TRIST,THBKK,6728
TRIST,THLCH,6735
TRIST,THSCS,6728
TRIST,THSSW,6728
TRIST,TWKEL,7710
TRIST,TWKHH,7497
TRIST,TWTPE,7683
TRIST,TWTXG,7603
TRIST,VNSGN,6513
TRIST,YEADE,2203
TRIZT,AEJEA,3908
TRIZT,AEKLF,3755
TRIZT,CNGCT,7454
TRIZT,CNHMN,7452
TRIZT,CNNAS,7397
TRIZT,CNNGB,8043
TRIZT,CNSHA,8157
TRIZT,CNSHK,7436
TRIZT,CNSWA,7590
TRIZT,CNTAO,8457
TRIZT,DJJIB,2288
TRIZT,DZALG,1457
TRIZT,EGALY,843
TRIZT,EGSOK,1014
TRIZT,EGSUE,988
TRIZT,HKHKG,7419
TRIZT,INMUN,3868
TRIZT,INNSA,3974
TRIZT,LYMSR,995
TRIZT,MYPKG,5802
TRIZT,SAJED,1617
TRIZT,SDPZU,1688
TRIZT,SGSIN,5984
TRIZT,THBKK,6828
TRIZT,THLCH,6835
TRIZT,THSCS,6828
TRIZT,THSSW,6828
TRIZT,TRIST,100
TRIZT,TWKEL,7810
TRIZT,TWKHH,7597
TRIZT,TWTPE,7783
TRIZT,TWTXG,7703
TRIZT,VNSGN,6613
TRIZT,YEADE,2303
TWKEL,AEKLF,5128
TWKEL,CNGCT,528
TWKEL,CNHMN,532
TWKEL,CNNAS,521
TWKEL,CNNGB,317
TWKEL,CNSHA,441
TWKEL,CNSHK,502
TWKEL,CNSWA,314
TWKEL,CNTAO,718
TWKEL,DZALG,6300
TWKEL,HKHKG,471
TWKEL,LYMSR,5912
TWKEL,TWTPE,34
TWKHH,AEKLF,4936
TWKHH,CNGCT,400
TWKHH,CNHMN,408
TWKHH,CNNAS,396
TWKHH,CNNGB,520
TWKHH,CNSHA,637
TWKHH,CNSHK,374
TWKHH,CNSWA,203
TWKHH,CNTAO,973
TWKHH,DZALG,6356
TWKHH,HKHKG,357
TWKHH,LYMSR,5939
TWKHH,TWKEL,234
TWKHH,TWTPE,206
TWKHH,TWTXG,131
TWTPE,AEKLF,5128
TWTPE,CNGCT,499
TWTPE,CNHMN,508
TWTPE,CNNAS,486
TWTPE,CNNGB,341
TWTPE,CNSHA,477
TWTPE,CNSHK,467
TWTPE,CNSWA,291
TWTPE,CNTAO,730
TWTPE,DZALG,6296
TWTPE,HKHKG,448
TWTPE,LYMSR,5907
TWTXG,AEKLF,5036
TWTXG,CNGCT,439
TWTXG,CNHMN,445
TWTXG,CNNAS,432
TWTXG,CNNGB,384
TWTXG,CNSHA,489
TWTXG,CNSHK,413
TWTXG,CNSWA,225
TWTXG,CNTAO,790
TWTXG,DZALG,6290
TWTXG,HKHKG,381
TWTXG,LYMSR,5888
TWTXG,TWKEL,112
TWTXG,TWTPE,84
VNSGN,AEKLF,3976
VNSGN,CNGCT,936
VNSGN,CNHMN,934
VNSGN,CNNAS,921
VNSGN,CNNGB,1542
VNSGN,CNSHA,1652
VNSGN,CNSHK,928
VNSGN,CNSWA,1073
VNSGN,CNTAO,1957
VNSGN,DZALG,6223
VNSGN,HKHKG,914
VNSGN,LYMSR,5652
VNSGN,TWKEL,1310
VNSGN,TWKHH,1113
VNSGN,TWTPE,1277
VNSGN,TWTXG,1203
YEADE,AEJEA,1637
YEADE,AEKLF,2190
YEADE,CNGCT,5204
YEADE,CNHMN,5201
YEADE,CNNAS,5189
YEADE,CNNGB,5793
YEADE,CNSHA,5907
YEADE,CNSHK,5185
YEADE,CNSWA,5339
YEADE,CNTAO,6207
YEADE,DZALG,2938
YEADE,HKHKG,5168
YEADE,INMUN,1760
YEADE,INNSA,1773
YEADE,LYMSR,2222
YEADE,MYPKG,3552
YEADE,SGSIN,3733
YEADE,THBKK,4577
YEADE,THLCH,4584
YEADE,THSCS,4577
YEADE,THSSW,4577
YEADE,TWKEL,5560
YEADE,TWKHH,5346
YEADE,TWTPE,5532
YEADE,TWTXG,5452
YEADE,VNSGN,4362
AEFJR,CNDAL,0
CNDAL,CNHUI,0
